First_Name,Surname,Constituency,Stance,signature_count,ons_codeZac,Goldsmith,Richmond Park,Leave,10753,E14000896Kate,Hoey,Vauxhall,Leave,10126,E14001008Victoria,Borwick,Kensington,Leave,9743,E14000768Anne,Main,St Albans,Leave,6811,E14000960Dominic,Raab,Esher and Walton,Leave,6730,E14000697Theresa,Villiers,Chipping Barnet,Leave,6700,E14000636Anne,Milton,Guildford,Not Declared,6394,E14000719Peter,Lilley,Hitchin and Harpenden,Leave,6204,E14000749John,Cryer,Leyton and Wanstead,Leave,6163,E14000790Julian,Brazier,Canterbury,Leave,5605,E14000619David,Burrowes,Enfield Southgate,Leave,5514,E14000692John,Redwood,Wokingham,Leave,5510,E14001048Graham,Brady,Altrincham and Sale West,Leave,5492,E14000532Charlotte,Leslie,Bristol North West,Leave,5381,E14000600Jonathan,Lord,Woking,Leave,5263,E14001047Cheryl,Gillan,Chesham and Amersham,Leave,5191,E14000631Matthew,Offord,Hendon,Leave,5173,E14000741Chris,Grayling,Epsom and Ewell,Leave,5106,E14000694John,Bercow,Buckingham,Not Declared,4970,E14000608Crispin,Blunt,Reigate,Leave,4912,E14000893Roger,Godsiff,"Birmingham, Hall Green",Leave,4901,E14000562Maria,Caulfield,Lewes,Leave,4885,E14000786Adam,Afriyie,Windsor,Leave,4829,E14001042Liam,Fox,North Somerset,Leave,4687,E14000850Iain,Stewart,Milton Keynes South,Leave,4668,E14000822Nusrat,Ghani,Wealden,Leave,4573,E14001023Ranil,Jayawardena,North East Hampshire,Leave,4564,E14000844Geoffrey,Clifton-Brown,The Cotswolds,Leave,4553,E14000991Bob,Stewart,Beckenham,Leave,4480,E14000551Steve,Baker,Wycombe,Leave,4367,E14001056Michael,Gove,Surrey Heath,Leave,4313,E14000983Paul,Scully,Sutton and Cheam,Leave,4161,E14000984Tim,Loughton,East Worthing and Shoreham,Leave,4114,E14000682David,Warburton,Somerton and Frome,Leave,4102,E14000932Will,Quince,Colchester,Leave,3998,E14000644Richard,Bacon,South Norfolk,Leave,3965,E14000941Julian,Sturdy,York Outer,Leave,3921,E14001062Andrea,Leadsom,South Northamptonshire,Leave,3887,E14000942Iain,Duncan Smith,Chingford and Woodford Green,Leave,3827,E14000634Stuart,Andrew,Pudsey,Leave,3812,E14000886Jack,Lopresti,Filton and Bradley Stoke,Leave,3806,E14000702Andrew,Turner,Isle of Wight,Leave,3737,E14000762Nadhim,Zahawi,Stratford-on-Avon,Leave,3737,E14000977Bob,Blackman,Harrow East,Leave,3672,E14000731Jacob,Rees-Mogg,North East Somerset,Leave,3657,E14000846Kit,Malthouse,North West Hampshire,Leave,3644,E14000857Nadine,Dorries,Mid Bedfordshire,Leave,3630,E14000813James,Gray,North Wiltshire,Leave,3560,E14000860Andrew,Bingham,High Peak,Leave,3546,E14000748Gisela,Stuart,"Birmingham, Edgbaston",Leave,3532,E14000560Jason,McCartney,Colne Valley,Leave,3481,E14000645Mims,Davies,Eastleigh,Leave,3475,E14000685Conor,Burns,Bournemouth West,Leave,3426,E14000585Boris,Johnson,Uxbridge and South Ruislip,Leave,3417,E14001007Laurence,Robertson,Tewkesbury,Leave,3406,E14000990Mike,Penning,Hemel Hempstead,Leave,3387,E14000739Daniel,Kawczynski,Shrewsbury and Atcham,Leave,3344,E14000926Huw,Merriman,Bexhill and Battle,Not Declared,3336,E14000557Richard,Fuller,Bedford,Leave,3283,E14000552Suella,Fernandes,Fareham,Leave,3225,E14000699Philip,Davies,Shipley,Leave,3223,E14000925Eleanor,Laing,Epping Forest,Not Declared,3221,E14000693Caroline,Ansell,Eastbourne,Leave,3158,E14000684Fiona,Bruce,Congleton,Leave,3143,E14000646David,Davies,Monmouth,Leave,3106,W07000054Robert,Syms,Poole,Leave,3078,E14000881Kwasi,Kwarteng,Spelthorne,Leave,3055,E14000959Karl,McCartney,Lincoln,Leave,3050,E14000792Royston,Smith,Southampton Itchen,Leave,3030,E14000955Geoffrey,Cox,Torridge and West Devon,Leave,2984,E14001000Desmond,Swayne,New Forest West,Leave,2981,E14000828Andrew,Murrison,South West Wiltshire,Leave,2978,E14000954Henry,Smith,Crawley,Leave,2972,E14000652Gerald,Howarth,Aldershot,Leave,2953,E14000530Bernard,Jenkin,Harwich and North Essex,Leave,2907,E14000734Chris,Heaton-Harris,Daventry,Leave,2865,E14000660Pauline,Latham,Mid Derbyshire,Not Declared,2810,E14000814Julian,Lewis,New Forest East,Leave,2798,E14000827Nigel,Adams,Selby and Ainsty,Leave,2785,E14000917William,Wragg,Hazel Grove,Leave,2780,E14000738Justin,Tomlinson,North Swindon,Not Declared,2777,E14000851Derek,Thomas,St Ives,Leave,2771,E14000964Tom,Pursglove,Corby,Leave,2755,E14000648David,Amess,Southend West,Leave,2755,E14000957Michael,Tomlinson,Mid Dorset and North Poole,Leave,2754,E14000815Craig,Mackinlay,South Thanet,Leave,2723,E14000948Stephen,Phillips,Sleaford and North Hykeham,Leave,2699,E14000929Anne Marie,Morris,Newton Abbot,Leave,2683,E14000835Graham,Stringer,Blackley and Broughton,Leave,2636,E14000571Rishi,Sunak,Richmond (Yorkshire),Leave,2609,E14000895Stephen,McPartland,Stevenage,Leave,2599,E14000968Jesse,Norman,Hereford and South Herefordshire,Not Declared,2559,E14000743Michael,Fabricant,Lichfield,Leave,2549,E14000791Sheryll,Murray,South East Cornwall,Leave,2545,E14000938Bill,Wiggin,North Herefordshire,Leave,2517,E14000847Marcus,Fysh,Yeovil,Leave,2488,E14001060Scott,Mann,North Cornwall,Leave,2479,E14000837James,Cleverly,Braintree,Leave,2475,E14000590Steve,Double,St Austell and Newquay,Leave,2471,E14000961Christopher,Chope,Christchurch,Leave,2468,E14000638Gavin,Robinson,Belfast East,Leave,2463,N06000001Stewart,Jackson,Peterborough,Leave,2463,E14000878Jeffrey,Donaldson,Lagan Valley,Leave,2459,N06000009Priti,Patel,Witham,Leave,2449,E14001045Nigel,Evans,Ribble Valley,Leave,2447,E14000894Richard,Drax,South Dorset,Leave,2443,E14000936Andrew,Bridgen,North West Leicestershire,Leave,2437,E14000858Andrea,Jenkyns,Morley and Outwood,Leave,2408,E14000826David,Davis,Haltemprice and Howden,Leave,2371,E14000724Gareth,Johnson,Dartford,Leave,2359,E14000659George,Eustice,Camborne and Redruth,Leave,2353,E14000616John,Whittingdale,Maldon,Leave,2334,E14000806Peter,Bone,Wellingborough,Leave,2334,E14001025James,Duddridge,Rochford and Southend East,Leave,2324,E14000899Heather,Wheeler,South Derbyshire,Leave,2321,E14000935Chris,Green,Bolton West,Leave,2312,E14000580Ian,Liddell-Grainger,Bridgwater and West Somerset,Not Declared,2308,E14000595David,Nuttall,Bury North,Leave,2290,E14000611Frank,Field,Birkenhead,Leave,2287,E14000559Charles,Walker,Broxbourne,Leave,2266,E14000606Penny,Mordaunt,Portsmouth North,Leave,2243,E14000883Owen,Paterson,North Shropshire,Leave,2235,E14000849Philip,Hollobone,Kettering,Leave,2226,E14000769Adam,Holloway,Gravesham,Leave,2198,E14000715Andrew,Rosindell,Romford,Leave,2189,E14000900Nigel,Dodds,Belfast North,Leave,2180,N06000002Kelvin,Hopkins,Luton North,Leave,2126,E14000800William,Cash,Stone,Leave,2094,E14000975David,Jones,Clwyd West,Leave,2077,W07000059Rehman,Chishti,Gillingham and Rainham,Leave,2048,E14000711Steve,Barclay,North East Cambridgeshire,Leave,2038,E14000842James,Wharton,Stockton South,Leave,2027,E14000971Chris,Davies,Brecon and Radnorshire,Leave,2014,W07000068Greg,Knight,East Yorkshire,Leave,1998,E14000683Edward,Leigh,Gainsborough,Leave,1987,E14000707John,Baron,Basildon and Billericay,Leave,1956,E14000544Mark,Francois,Rayleigh and Wickford,Leave,1938,E14000888Gordon,Henderson,Sittingbourne and Sheppey,Leave,1929,E14000927David,Simpson,Upper Bann,Leave,1882,N06000017Tracey,Crouch,Chatham and Aylesford,Not Declared,1868,E14000626Karen,Lumley,Redditch,Leave,1849,E14000892Anne-Marie,Trevelyan,Berwick-upon-Tweed,Leave,1807,E14000554Henry,Bellingham,North West Norfolk,Leave,1804,E14000859Christopher,Pincher,Tamworth,Leave,1780,E14000986John,Hayes,South Holland and The Deepings,Leave,1644,E14000939Gregory,Campbell,East Londonderry,Leave,1597,N06000006James,Davies,Vale of Clwyd,Leave,1594,W07000060John,Mann,Bassetlaw,Leave,1589,E14000546Glyn,Davies,Montgomeryshire,Leave,1585,W07000063Sammy,Wilson,East Antrim,Leave,1583,N06000005Nigel,Mills,Amber Valley,Leave,1565,E14000533Lucy,Allan,Telford,Leave,1557,E14000989Ronnie,Campbell,Blyth Valley,Leave,1540,E14000575Jim,Shannon,Strangford,Leave,1537,N06000016Craig,Tracey,North Warwickshire,Leave,1449,E14000854Andrew,Stephenson,Pendle,Leave,1445,E14000875Stephen,Metcalfe,South Basildon and East Thurrock,Leave,1442,E14000933Andrew,Percy,Brigg and Goole,Leave,1386,E14000596Paul,Maynard,Blackpool North and Cleveleys,Leave,1350,E14000572Dennis,Skinner,Bolsover,Leave,1348,E14000577Rebecca,Harris,Castle Point,Leave,1263,E14000622Martin,Vickers,Cleethorpes,Leave,1259,E14000643Ian,Paisley,North Antrim,Leave,1208,N06000012Douglas,Carswell,Clacton,Leave,1138,E14000642Mike,Wood,Dudley South,Leave,1099,E14000672